[{"item_name":"Apples", "price":3, "quantity":10, "img":"https://upload.wikimedia.org/wikipedia/commons/1/15/Red_Apple.jpg"},
 {"item_name":"Beef Steak", "price":15, "quantity":1, "img":"https://encrypted-tbn0.gstatic.com/images?q=tbn:ANd9GcTC4_iM9_tITg95VLZLIR0cdpno7yxHLxdBmQ&s"},
 {"item_name":"Bell Peppers", "price":4, "quantity":4, "img":"https://cdn.britannica.com/12/147312-050-BEC6A59E/Bell-peppers.jpg"},
 {"item_name":"Bread", "price":4, "quantity":6, "img":"https://ichef.bbc.co.uk/ace/standard/1600/food/recipes/paul_hollywoods_crusty_83536_16x9.jpg.webp"},
 {"item_name":"Butter", "price":5, "quantity":2, "img":"https://cdn.britannica.com/27/122027-050-EAA86783/Butter.jpg"},
 {"item_name":"Carrots", "price":3, "quantity":9, "img":"https://healthyschoolrecipes.com/wp-content/uploads/2018/11/carrots.jpg"},
 {"item_name":"Cereal", "price":7, "quantity":2, "img":"https://www.kelloggs.com/content/dam/Asia/kelloggs_in/images/articles/benefits-of-cereal.jpg"},
 {"item_name":"Cheese", "price":8, "quantity":5, "img":"https://encrypted-tbn0.gstatic.com/images?q=tbn:ANd9GcTvgwrrqrYYFRUIAQtzLv2ZmBiabSYuK43tQQ&s"},
 {"item_name":"Chicken Breast", "price":10, "quantity":2, "img":"https://fgtp.com.au/cdn/shop/products/breasts.jpg?v=1581232402"},
 {"item_name":"Cucumbers", "price":2, "quantity":7, "img":"https://encrypted-tbn0.gstatic.com/images?q=tbn:ANd9GcQT19UUTLodCwKT1sEjgfdbWn8WLfiJ3D2d4Q&s"},
 {"item_name":"Eggs", "price":7, "quantity":3, "img":"https://encrypted-tbn0.gstatic.com/images?q=tbn:ANd9GcSxbQwGVPuqXB2yk4He63MSI_CdnjwFT9al0g&s"},
 {"item_name":"Grapes", "price":5, "quantity":3, "img":"https://encrypted-tbn0.gstatic.com/images?q=tbn:ANd9GcTltPkn-aasgobd2r2EbfCuNm98N1Xvtqt3dA&s"},
 {"item_name":"Green Beans", "price":3, "quantity":7, "img":"https://media-cdn2.greatbritishchefs.com/media/juidxweh/img83268.whqc_1426x713q80.jpg"},
 {"item_name":"Lettuce", "price":3, "quantity":3, "img":"https://encrypted-tbn0.gstatic.com/images?q=tbn:ANd9GcQq6R6otgjZOKtzbRAb_fVdEyOnkjDRnD9NCw&s"},
 {"item_name":"Milk", "price":5, "quantity":4, "img":"https://encrypted-tbn0.gstatic.com/images?q=tbn:ANd9GcSdLYLrpcL-2TKZDY0eljDthboDPMytCCRgVg&s"},
 {"item_name":"Mushrooms", "price":4, "quantity":4, "img":"https://encrypted-tbn0.gstatic.com/images?q=tbn:ANd9GcSlfSkS0qOtZGth18BNZnMj-HOLXcryUvwGbA&s"},
 {"item_name":"Onions", "price":2, "quantity":10, "img":"https://www.lovefoodhatewaste.com/sites/default/files/styles/16_9_two_column/public/2022-08/Onion-sh1154249161.jpg.webp?itok=mJob5A8b"},
 {"item_name":"Orange Juice", "price":6, "quantity":3, "img":"https://encrypted-tbn0.gstatic.com/images?q=tbn:ANd9GcQg4k0qKVXnq_vOpDsOjbS_r7lp0NrJ7bBFJA&s"},
 {"item_name":"Pasta", "price":5, "quantity":4, "img":"https://static01.nyt.com/images/2025/07/03/multimedia/DT-Summer-Pasta-with-Zucchini-and-Basil-mblv/DT-Summer-Pasta-with-Zucchini-and-Basil-mblv-jumbo.jpg"},
 {"item_name":"Potatoes", "price":4, "quantity":10, "img":"https://www.lovefoodhatewaste.com/sites/default/files/styles/twitter_card_image/public/2022-08/Potatoes-shutterstock-1721688538.jpg.webp?itok=4hLqSjDi"},
 {"item_name":"Rice", "price":6, "quantity":5, "img":"https://cdn.britannica.com/17/176517-050-6F2B774A/Pile-uncooked-rice-grains-Oryza-sativa.jpg"},
 {"item_name":"Spinach", "price":3, "quantity":5, "img":"https://aisle5ive.com/cdn/shop/products/spinach.jpg?v=1637390691"},
 {"item_name":"Strawberries", "price":6, "quantity":2, "img":"https://www.dole.com/sites/default/files/media/2025-01/strawberries.png"},
 {"item_name":"Tofu", "price":4, "quantity":4, "img":"https://tyberrymuch.com/wp-content/uploads/2023/01/types-of-tofu-cubed-index-800x800.jpg"},
 {"item_name":"Tomatoes", "price":3, "quantity":8, "img":"https://foodcare.in/cdn/shop/files/tomatoes-canva.webp?v=1725364526"},
 {"item_name":"Tuna Can", "price":5, "quantity":3, "img":"https://images.immediate.co.uk/production/volatile/sites/30/2022/03/Canned-tuna-02-0181b73.jpg?quality=90&resize=440,400"},
 {"item_name":"Watermelon", "price":10, "quantity":1, "img":"https://encrypted-tbn0.gstatic.com/images?q=tbn:ANd9GcRaFt6Iz3D590bKd1YDJROFYTQz_H57VLft_Q&s"},
 {"item_name":"Yogurt", "price":4, "quantity":6, "img":"https://encrypted-tbn0.gstatic.com/images?q=tbn:ANd9GcQLlX-SZ_7XtBnf9a0DZHJSDbv_leVoFjYyuQ&s"}]